<?xml version="1.0" encoding="utf-8"?>
<!DOCTYPE hibernate-configuration PUBLIC "-//Hibernate/Hibernate Configuration DTD 3.0//EN"
                                         "http://hibernate.sourceforge.net/hibernate-configuration-3.0.dtd">
<hibernate-configuration>
 <session-factory name="">
  <property name="hibernate.bytecode.use_reflection_optimizer">false</property>
  <property name="hibernate.connection.driver_class">com.mysql.jdbc.Driver</property>
  <property name="hibernate.connection.password">passrural</property>
  <property name="hibernate.connection.url">jdbc:mysql://172.22.103.6:3306/BDRURAL</property>
  <property name="hibernate.connection.username">rural</property>
  <property name="hibernate.dialect">org.hibernate.dialect.MySQL5Dialect</property>
  <property name="hibernate.search.autoregister_listeners">false</property>
  <mapping resource="primero/Alojamientos.hbm.xml"/>
  <mapping resource="primero/Tipos.hbm.xml"/>
 </session-factory>
</hibernate-configuration>
