<?xml version="1.0"?>
<!DOCTYPE hibernate-mapping PUBLIC "-//Hibernate/Hibernate Mapping DTD 3.0//EN"
"http://hibernate.sourceforge.net/hibernate-mapping-3.0.dtd">
<!-- Generated 18-feb-2026 9:29:13 by Hibernate Tools 3.4.0.CR1 -->
<hibernate-mapping>
    <class name="primero.Tipos" table="tipos" catalog="BDRURAL">
        <id name="codigo" type="int">
            <column name="Codigo" />
            <generator class="assigned" />
        </id>
        <property name="descripcion" type="string">
            <column name="Descripcion" length="40" unique="true" />
        </property>
    </class>
</hibernate-mapping>
